model_id,accuracy,train_precision_0,train_recall_0,train_precision_1,train_recall_1,test_precision_0,test_recall_0,test_precision_1,test_recall_1
model-train-task-3,0.97568093385214,0.6666666666666666,0.3870967741935484,0.9811881188118812,0.9939819458375125,0.6666666666666666,0.3870967741935484,0.9811881188118812,0.9939819458375125
model-train-task-2,0.9698443579766537,0.0,0.0,0.9698443579766537,1.0,0.0,0.0,0.9698443579766537,1.0
model-train-task-4,0.9771400778210116,0.7027027027027027,0.41935483870967744,0.9821693907875185,0.9944834503510531,0.7027027027027027,0.41935483870967744,0.9821693907875185,0.9944834503510531
model-train-task-1,0.9698443579766537,0.0,0.0,0.9698443579766537,1.0,0.0,0.0,0.9698443579766537,1.0
